model,f1_mean,f1_std,f1_ci_lower,f1_ci_upper,auc_roc_mean,auc_roc_std,auc_roc_ci_lower,auc_roc_ci_upper,auprc_mean,auprc_std,auprc_ci_lower,auprc_ci_upper,pr_auc_mean,pr_auc_std,pr_auc_ci_lower,pr_auc_ci_upper,recall_mean,recall_std,recall_ci_lower,recall_ci_upper,precision_mean,precision_std,precision_ci_lower,precision_ci_upper,kappa_mean,kappa_std,kappa_ci_lower,kappa_ci_upper,brier_score_mean,brier_score_std,brier_score_ci_lower,brier_score_ci_upper,balanced_accuracy_mean,balanced_accuracy_std,balanced_accuracy_ci_lower,balanced_accuracy_ci_upper
lightgbm,0.2259205249539329,0.010395427959331332,0.21848408377270467,0.2333569661351611,0.6542176919962059,0.01340291359942665,0.6446298251927279,0.663805558799684,0.17907485602504503,0.012871414938198485,0.16986720045939077,0.18828251159069928,0.17782455487345156,0.01283615107088748,0.16864212555880945,0.18700698418809367,0.5260484899368728,0.023650092225837395,0.5091302331362769,0.5429667467374687,0.1438546673093322,0.006730062817507682,0.1390402703952117,0.1486690642234527,0.09882631968479305,0.012158465277589868,0.09012867758246461,0.1075239617871215,0.07901351630581635,0.000600594481071816,0.07858387689609377,0.07944315571553894,0.6085621421801123,0.013063923200627455,0.5992167744994731,0.6179075098607515
random_forest,0.19340197281850174,0.005871445083513581,0.1892017940299828,0.1976021516070207,0.6231396948064788,0.014346396298633544,0.6128769011384593,0.6334024884744983,0.15160637631727023,0.009895359876683205,0.14452766229241987,0.15868509034212058,0.15361771806214122,0.010187439282788155,0.14633006301704188,0.16090537310724057,0.7016645149026163,0.02131993432181492,0.6864131526506649,0.7169158771545676,0.11216023877780876,0.003439134105889873,0.1097000304446012,0.11462044711101632,0.045621601849177476,0.006976738570489592,0.04063074373162584,0.05061245996672911,0.08140927215000128,0.0005413677775110631,0.08102200097168875,0.0817965433283138,0.5768249054952678,0.01157542941216095,0.5685443421257025,0.5851054688648331
gradient_boosting,0.18640307931022027,0.003370826753960478,0.18399173511294395,0.18881442350749658,0.6283589246905192,0.011802056425274871,0.6199162421220434,0.636801607258995,0.15447757555202485,0.01072638953710253,0.14680437872052707,0.16215077238352263,0.15334115106213742,0.010682803645696255,0.14569913369906,0.16098316842521482,0.8094627454397123,0.015052288603928987,0.7986949868362282,0.8202305040431964,0.1053317547346881,0.0019783636775209164,0.103916518615452,0.10674699085392421,0.032679623272786326,0.004104566577800999,0.029743393225340004,0.03561585332023265,0.08218769821920327,0.0004347445725691207,0.08187670068688269,0.08249869575152385,0.5655310196941437,0.007866179273940848,0.5599038940269268,0.5711581453613606
knn,0.17430046177891628,0.00627725595401949,0.16980998338166298,0.1787909401761696,0.5492050932709686,0.01288988468195382,0.5399842252465674,0.5584259612953697,0.10193077125034762,0.003793424489026082,0.09921711884484458,0.10464442365585067,0.15910689202051825,0.011106076216845635,0.15116208370056117,0.16705170034047534,0.6422081059459973,0.02244344015914495,0.6261530360344136,0.658263175857581,0.10083652863167894,0.003691782727265067,0.09819558636238666,0.10347747090097122,0.022580974920059994,0.00753876719987098,0.01718806574112716,0.02797388409899283,0.25836749559870387,0.004234845132057855,0.25533806988777,0.2613969213096377,0.5385714723217767,0.012721744598918863,0.5294708844669451,0.5476720601766083
sgd_classifier,0.1698899588373365,0.0013315671513395443,0.1689374130798621,0.17084250459481093,0.5945851613756687,0.008500556408869302,0.5885042296439909,0.6006660931073466,0.1315763574823168,0.008469014727995066,0.12551798930987826,0.13763472565475535,0.13071317378250255,0.008304235849471722,0.12477268131877378,0.13665366624623132,0.8836506855282646,0.01015985690353442,0.8763827617286476,0.8909186093278817,0.09397971622151231,0.0007311594165882675,0.09345667628349041,0.09450275615953421,0.00902329955661485,0.001525945375298638,0.007931703994260972,0.010114895118968728,0.2423358194100397,0.0069229465984415595,0.23738344175117843,0.24728819706890098,0.5215974441387521,0.003664579639845806,0.5189759617859089,0.5242189264915953
logistic_regression,0.16942236468111363,0.001510975862270555,0.16834147766328342,0.17050325169894384,0.6040712602239589,0.011082588598159726,0.5961432539342335,0.6119992665136842,0.14298870331112,0.012328611509364578,0.13416934592686663,0.1518080606953734,0.14191586436806355,0.012108944105205159,0.13325364757839228,0.15057808115773483,0.9176605704418905,0.012339924163626139,0.9088331204722863,0.9264880204114948,0.09332670049019215,0.0008008722278555208,0.09275379101119559,0.09389960996918871,0.007652811909567037,0.001789196192385547,0.006372898057207618,0.008932725761926455,0.22578324756579896,0.0032022791557778135,0.2234924750568674,0.22807402007473052,0.5190687700747499,0.00451846109234195,0.5158364577279834,0.5223010824215165
naive_bayes,0.16755223445788778,0.0010665672421422356,0.16678925821553925,0.1683152107002363,0.5123802994559745,0.0031140699381318566,0.5101526280200562,0.5146079708918928,0.09187615943951143,0.0005412842202083932,0.09148894803449241,0.09226337084453044,0.5170402164292035,0.004889236787319471,0.5135426671284687,0.5205377657299383,0.9363543836582101,0.01015333275620695,0.9290911269524393,0.9436176403639809,0.09200834227532427,0.0005481411133015508,0.09161622574447756,0.09240045880617098,0.004811360056025882,0.0011821551259583217,0.003965697222742975,0.005657022889308788,0.8354760896793396,0.003485911857238447,0.8329824185586591,0.8379697608000202,0.5123651610811877,0.003087393167859087,0.510156573057113,0.5145737491052623
xgboost,0.16662991969880045,0.000981932330134173,0.1659274876252431,0.1673323517723578,0.6200143079415816,0.01593022407860882,0.6086185121332887,0.6314101037498746,0.15942671089113541,0.014083518761309425,0.1493519684848653,0.16950145329740554,0.15814531823149988,0.01415618124293239,0.14801859621719582,0.16827204024580394,0.990055681845184,0.004085107274663442,0.9871333721446225,0.9929779915457455,0.09097040129672743,0.0005603896540521705,0.0905695226876667,0.09137127990578815,0.002568763134680374,0.0011854645926817286,0.0017207328515217984,0.0034167934178389496,0.2121129035949707,0.002432824820549683,0.21037256555857364,0.21385324163136776,0.5069972051159535,0.0032083294116037205,0.504702104514734,0.509292305717173
one_r,0.16479841777190876,0.00012446737236858818,0.16470937917751688,0.16488745636630064,0.5804954993184626,0.012395245840097083,0.571628474605545,0.5893625240313801,0.10831696998278892,0.0036340981952296863,0.10571729274185583,0.110916647223722,0.34141741909327794,0.014151038099469776,0.33129437626216823,0.35154046192438765,1.0,0.0,1.0,1.0,0.08979854183144949,7.39055155985592e-05,0.08974567301047674,0.08985141065242223,0.0,0.0,0.0,0.0,0.23267785712364644,0.0014762543269863334,0.23162180839586768,0.2337339058514252,0.5,0.0,0.5,0.5
decision_tree,0.11810400587434564,0.018983367553372026,0.10452412279646152,0.13168388895222977,0.5171927445695068,0.009490391191344745,0.5104037276904152,0.5239817614485984,0.09395965683139693,0.002434369839614943,0.09221821355494168,0.09570110010785217,0.15822110752651672,0.01800749692388356,0.1453393202427711,0.17110289481026233,0.11297038486214188,0.01951922758374138,0.09900717061089939,0.12693359911338437,0.12381762216905093,0.01842806571226574,0.11063497809810041,0.13700026624000144,0.03566095468520375,0.019525357143402353,0.02169335561112723,0.04962855375928027,0.15118233804505904,0.00247247106284975,0.14941363879543684,0.15295103729468124,0.5171927445695068,0.009490391191344748,0.5104037276904152,0.5239817614485984
zero_r,0.0,0.0,0.0,0.0,0.5,0.0,0.5,0.5,0.08979854183144949,7.39055155985592e-05,0.08974567301047674,0.08985141065242223,0.5448992709157248,3.695275779930009e-05,0.5448728365052383,0.5449257053262112,0.0,0.0,0.0,0.0,0.0,0.0,0.0,0.0,0.0,0.0,0.0,0.0,0.08979854183144949,7.39055155985592e-05,0.08974567301047674,0.08985141065242223,0.5,0.0,0.5,0.5
