,model,baseline,metric,mean_diff,t_stat,p_value_t,p_value_wilcoxon,significant_t,significant_w
9,lightgbm,zero_r,f1,0.2259205249539329,68.72477322052347,1.4772999759353388e-13,0.001953125,True,True
6,random_forest,zero_r,f1,0.19340197281850174,104.16357972822136,3.5152372722694803e-15,0.001953125,True,True
7,gradient_boosting,zero_r,f1,0.18640307931022027,174.87053963741485,3.325815563910271e-17,0.001953125,True,True
4,knn,zero_r,f1,0.17430046177891628,87.80691124878545,1.633201662662707e-14,0.001953125,True,True
5,sgd_classifier,zero_r,f1,0.1698899588373365,403.46385909097944,1.796928768867092e-20,0.001953125,True,True
2,logistic_regression,zero_r,f1,0.16942236468111363,354.57916459293693,5.745459177289358e-20,0.001953125,True,True
1,naive_bayes,zero_r,f1,0.16755223445788778,496.7775748233731,2.762792022146418e-21,0.001953125,True,True
8,xgboost,zero_r,f1,0.16662991969880045,536.6256476219364,1.3796612757166258e-21,0.001953125,True,True
0,one_r,zero_r,f1,0.16479841777190876,4186.947511095063,1.2876335114519957e-29,0.001953125,True,True
3,decision_tree,zero_r,f1,0.11810400587434564,19.673941322728968,1.0495521796391191e-08,0.001953125,True,True
